Dimension,Mean,StdDev
A,4.666666666666667,0.701964118163034
C,4.541666666666667,0.8836272412331317
E,4.0,1.4744195615489712
N,2.4583333333333335,1.2150922908825974
O,4.416666666666667,1.1000658741803748
