Dimension,Score
A,4.666666666666667
C,4.541666666666667
E,4.0
N,2.375
O,4.416666666666667
