Dimension,Mean,StdDev
A,4.75,0.6756639246921762
C,5.0,0.0
E,3.6666666666666665,1.6594044679962139
N,1.2083333333333333,0.832970935693524
O,3.25,1.7257638510425513
