Dimension,Mean,StdDev
A,4.708333333333333,0.858672720295521
C,3.9166666666666665,1.501207243656184
E,4.666666666666667,0.701964118163034
N,2.0833333333333335,1.2128538629008951
O,5.0,0.0
