Dimension,Mean,StdDev
A,4.333333333333333,1.522773975253762
C,4.166666666666667,1.493949148388597
E,5.0,0.0
N,1.5833333333333333,1.3486439781165913
O,4.416666666666667,1.3486439781165913
