Dimension,Mean,StdDev
A,4.5,1.3513278493843524
C,4.291666666666667,1.3344650993747553
E,5.0,0.0
N,1.5,1.1420804814403216
O,4.416666666666667,1.24818709114169
