Dimension,Mean,StdDev
A,4.041666666666667,1.458980187804412
C,2.0416666666666665,1.1220775245117838
E,1.875,0.9469631093315002
N,4.916666666666667,0.28232985128664007
O,3.4583333333333335,1.5597983890531344
