Dimension,Mean,StdDev
A,3.75,1.03209369308428
C,3.8333333333333335,1.0072203103706698
E,3.5833333333333335,1.1000658741803746
N,3.0,1.06321906614239
O,4.208333333333333,0.8329709356935238
