Dimension,Mean,StdDev
A,4.833333333333333,0.5646597025732799
C,4.875,0.6123724356957946
E,4.208333333333333,1.5030162910010298
N,1.2916666666666667,0.7506036218280919
O,4.666666666666667,0.9168313422570846
