Dimension,Mean,StdDev
A,3.4583333333333335,1.7440374613713625
C,2.625,1.6891598117304405
E,1.8333333333333333,1.403928236326068
N,4.958333333333333,0.20412414523193148
O,3.5,1.8415494421345542
