Dimension,Mean,StdDev
A,5.0,0.0
C,5.0,0.0
E,3.75,1.5393392145304765
N,1.3333333333333333,1.0072203103706696
O,4.333333333333333,1.2740441145412122
