Dimension,Mean,StdDev
A,4.708333333333333,0.858672720295521
C,4.25,1.2247448713915887
E,4.5,1.1420804814403214
N,2.0,1.2510864843424485
O,4.625,0.9237212077056679
