Dimension,Mean,StdDev
A,4.791666666666667,0.5882299658752717
C,4.791666666666667,0.6580053301400783
E,3.75,1.5108304655560043
N,2.25,1.3593476696403028
O,4.208333333333333,1.2503622663458176
