Dimension,Score
A,3.8333333333333335
C,3.9166666666666665
E,3.5416666666666665
N,3.0
O,4.208333333333333
