trait,prompt_type,target_dimension,target_score,target_std,O_mean,C_mean,E_mean,A_mean,N_mean
an extraversive,trait_words,E,5.0,0.0,4.416666666666667,4.291666666666667,5.0,4.5,1.5
an agreeable,trait_words,A,5.0,0.0,4.333333333333333,5.0,3.75,5.0,1.3333333333333333
a conscientious,trait_words,C,5.0,0.0,3.25,5.0,3.6666666666666665,4.75,1.2083333333333333
a neurotic,trait_words,N,4.916666666666667,0.28232985128664007,3.4583333333333335,2.0416666666666665,1.875,4.041666666666667,4.916666666666667
an open,trait_words,O,5.0,0.0,5.0,3.9166666666666665,4.666666666666667,4.708333333333333,2.0833333333333335
Extraversion,naive,E,5.0,0.0,4.416666666666667,4.166666666666667,5.0,4.333333333333333,1.5833333333333333
Agreeableness,naive,A,4.833333333333333,0.5646597025732799,4.666666666666667,4.875,4.208333333333333,4.833333333333333,1.2916666666666667
Conscientiousness,naive,C,4.791666666666667,0.6580053301400783,4.208333333333333,4.791666666666667,3.75,4.791666666666667,2.25
Neuroticism,naive,N,4.958333333333333,0.20412414523193148,3.5,2.625,1.8333333333333333,3.4583333333333335,4.958333333333333
Openness,naive,O,4.625,0.9237212077056679,4.625,4.25,4.5,4.708333333333333,2.0
